country,IN,2011,Main Workers,2001,332260226
country,IN,2011,Marginal Workers,2001,94513054
country,IN,2011,Non Workers,2001,669094914
district,532,2011,Main Workers,2001,912287
district,532,2011,Marginal Workers,2001,210961
district,532,2011,Non Workers,2001,1364755
district,146,2011,Main Workers,2001,814102
district,146,2011,Marginal Workers,2001,170203
district,146,2011,Non Workers,2001,2636131
district,474,2011,Main Workers,2001,1799126
district,474,2011,Marginal Workers,2001,210239
district,474,2011,Non Workers,2001,3807154
district,522,2011,Main Workers,2001,1611061
district,522,2011,Marginal Workers,2001,245985
district,522,2011,Non Workers,2001,2183596
district,283,2011,Main Workers,2001,125328
district,283,2011,Marginal Workers,2001,37633
district,283,2011,Non Workers,2001,162715
district,119,2011,Main Workers,2001,690818
district,119,2011,Marginal Workers,2001,165991
district,119,2011,Non Workers,2001,1324861
district,501,2011,Main Workers,2001,582264
district,501,2011,Marginal Workers,2001,65979
district,501,2011,Non Workers,2001,981996
district,598,2011,Main Workers,2001,547049
district,598,2011,Marginal Workers,2001,176305
district,598,2011,Non Workers,2001,1385806
district,143,2011,Main Workers,2001,697481
district,143,2011,Marginal Workers,2001,218817
district,143,2011,Non Workers,2001,2075988
district,465,2011,Main Workers,2001,1106598
district,465,2011,Marginal Workers,2001,564751
district,465,2011,Non Workers,2001,3264756
district,175,2011,Main Workers,2001,1106598
district,175,2011,Marginal Workers,2001,564751
district,175,2011,Non Workers,2001,3264756
district,64,2011,Main Workers,2001,204649
district,64,2011,Marginal Workers,2001,87533
district,64,2011,Non Workers,2001,338385
district,104,2011,Main Workers,2001,947587
district,104,2011,Marginal Workers,2001,511099
district,104,2011,Non Workers,2001,1533906
district,70,2011,Main Workers,2001,275648
district,70,2011,Marginal Workers,2001,48873
district,70,2011,Non Workers,2001,689890
district,178,2011,Main Workers,2001,442210
district,178,2011,Marginal Workers,2001,235770
district,178,2011,Non Workers,2001,1348896
district,503,2011,Main Workers,2001,908363
district,503,2011,Marginal Workers,2001,187259
district,503,2011,Non Workers,2001,1511538
district,480,2011,Main Workers,2001,470043
district,480,2011,Marginal Workers,2001,130776
district,480,2011,Non Workers,2001,793099
district,49,2011,Main Workers,2001,938100
district,49,2011,Marginal Workers,2001,174100
district,49,2011,Non Workers,2001,1983877
district,482,2011,Main Workers,2001,617669
district,482,2011,Marginal Workers,2001,167042
district,482,2011,Non Workers,2001,1072161
district,553,2011,Main Workers,2001,1471218
district,553,2011,Marginal Workers,2001,306318
district,553,2011,Non Workers,2001,1862942
district,14,2011,Main Workers,2001,261678
district,14,2011,Marginal Workers,2001,133310
district,14,2011,Non Workers,2001,777446
district,260,2011,Main Workers,2001,657446
district,260,2011,Marginal Workers,2001,195999
district,260,2011,Non Workers,2001,1305163
district,384,2011,Main Workers,2001,657446
district,384,2011,Marginal Workers,2001,195999
district,384,2011,Non Workers,2001,1305163
district,461,2011,Main Workers,2001,657446
district,461,2011,Marginal Workers,2001,195999
district,461,2011,Non Workers,2001,1305163
district,209,2011,Main Workers,2001,657446
district,209,2011,Marginal Workers,2001,195999
district,209,2011,Non Workers,2001,1305163
district,616,2011,Main Workers,2001,251606
district,616,2011,Marginal Workers,2001,94285
district,616,2011,Non Workers,2001,349633
district,240,2011,Main Workers,2001,285149
district,240,2011,Marginal Workers,2001,103111
district,240,2011,Non Workers,2001,791733
district,459,2011,Main Workers,2001,285149
district,459,2011,Marginal Workers,2001,103111
district,459,2011,Non Workers,2001,791733
district,162,2011,Main Workers,2001,285149
district,162,2011,Marginal Workers,2001,103111
district,162,2011,Non Workers,2001,791733
district,235,2011,Main Workers,2001,1501921
district,515,2011,Main Workers,2001,1501921
district,235,2011,Marginal Workers,2001,345947
district,515,2011,Marginal Workers,2001,345947
district,235,2011,Non Workers,2001,3062200
district,515,2011,Non Workers,2001,3062200
district,191,2011,Main Workers,2001,770269
district,191,2011,Marginal Workers,2001,429573
district,191,2011,Non Workers,2001,2740074
district,2,2011,Main Workers,2001,152980
district,2,2011,Marginal Workers,2001,73012
district,2,2011,Non Workers,2001,403317
district,556,2011,Main Workers,2001,561559
district,556,2011,Marginal Workers,2001,158100
district,556,2011,Non Workers,2001,932233
district,63,2011,Main Workers,2001,85613
district,63,2011,Marginal Workers,2001,33231
district,63,2011,Non Workers,2001,130618
district,139,2011,Main Workers,2001,289862
district,139,2011,Marginal Workers,2001,90448
district,139,2011,Non Workers,2001,783681
district,180,2011,Main Workers,2001,632957
district,180,2011,Marginal Workers,2001,211363
district,180,2011,Non Workers,2001,1536752
district,324,2011,Main Workers,2001,493229
district,324,2011,Marginal Workers,2001,260352
district,324,2011,Non Workers,2001,744387
district,457,2011,Main Workers,2001,493229
district,457,2011,Marginal Workers,2001,260352
district,457,2011,Non Workers,2001,744387
district,393,2011,Main Workers,2001,351689
district,393,2011,Marginal Workers,2001,208061
district,393,2011,Non Workers,2001,777444
district,377,2011,Main Workers,2001,483345
district,377,2011,Marginal Workers,2001,161788
district,377,2011,Non Workers,2001,1379375
district,193,2011,Main Workers,2001,504543
district,193,2011,Marginal Workers,2001,289892
district,193,2011,Non Workers,2001,1967185
district,182,2011,Main Workers,2001,501620
district,182,2011,Marginal Workers,2001,212439
district,182,2011,Non Workers,2001,968291
district,469,2011,Main Workers,2001,830579
district,469,2011,Marginal Workers,2001,261622
district,469,2011,Non Workers,2001,1412043
district,170,2011,Main Workers,2001,412443
district,170,2011,Marginal Workers,2001,206918
district,170,2011,Non Workers,2001,917973
district,9,2011,Main Workers,2001,2378180
district,9,2011,Marginal Workers,2001,188734
district,9,2011,Non Workers,2001,3970210
district,572,2011,Main Workers,2001,2378180
district,572,2011,Marginal Workers,2001,188734
district,572,2011,Non Workers,2001,3970210
district,583,2011,Main Workers,2001,726652
district,583,2011,Marginal Workers,2001,165879
district,583,2011,Non Workers,2001,988983
district,225,2011,Main Workers,2001,405608
district,225,2011,Marginal Workers,2001,231057
district,225,2011,Non Workers,2001,972108
district,339,2011,Main Workers,2001,944216
district,339,2011,Marginal Workers,2001,483056
district,339,2011,Non Workers,2001,1765423
district,125,2011,Main Workers,2001,529393
district,125,2011,Marginal Workers,2001,180019
district,125,2011,Non Workers,2001,792177
district,176,2011,Main Workers,2001,270992
district,176,2011,Marginal Workers,2001,100529
district,176,2011,Non Workers,2001,798259
district,8,2011,Main Workers,2001,270992
district,8,2011,Marginal Workers,2001,100529
district,8,2011,Non Workers,2001,798259
district,128,2011,Main Workers,2001,300615
district,128,2011,Marginal Workers,2001,135760
district,128,2011,Non Workers,2001,585278
district,335,2011,Main Workers,2001,1902334
district,335,2011,Marginal Workers,2001,548907
district,335,2011,Non Workers,2001,4444273
district,150,2011,Main Workers,2001,862821
district,150,2011,Marginal Workers,2001,232260
district,150,2011,Non Workers,2001,2523508
district,370,2011,Main Workers,2001,384710
district,370,2011,Marginal Workers,2001,208820
district,370,2011,Non Workers,2001,752806
district,115,2011,Main Workers,2001,680208
district,115,2011,Marginal Workers,2001,239521
district,115,2011,Non Workers,2001,1045106
district,54,2011,Main Workers,2001,408537
district,54,2011,Marginal Workers,2001,108551
district,54,2011,Non Workers,2001,1130113
district,303,2011,Main Workers,2001,408537
district,303,2011,Marginal Workers,2001,108551
district,303,2011,Non Workers,2001,1130113
district,441,2011,Main Workers,2001,390220
district,441,2011,Marginal Workers,2001,133530
district,441,2011,Non Workers,2001,557691
district,414,2011,Main Workers,2001,407252
district,414,2011,Marginal Workers,2001,280163
district,414,2011,Non Workers,2001,619258
district,185,2011,Main Workers,2001,483455
district,185,2011,Marginal Workers,2001,251721
district,185,2011,Non Workers,2001,1349638
district,46,2011,Main Workers,2001,408924
district,46,2011,Marginal Workers,2001,91743
district,46,2011,Non Workers,2001,682628
district,391,2011,Main Workers,2001,105794
district,391,2011,Marginal Workers,2001,64967
district,391,2011,Non Workers,2001,202611
district,222,2011,Main Workers,2001,571564
district,222,2011,Marginal Workers,2001,174511
district,222,2011,Non Workers,2001,1603291
district,555,2011,Main Workers,2001,1537645
district,555,2011,Marginal Workers,2001,340129
district,555,2011,Non Workers,2001,2336731
district,565,2011,Main Workers,2001,801369
district,565,2011,Marginal Workers,2001,119452
district,565,2011,Non Workers,2001,1106319
district,447,2011,Main Workers,2001,418604
district,447,2011,Marginal Workers,2001,197372
district,447,2011,Non Workers,2001,779199
district,378,2011,Main Workers,2001,301570
district,378,2011,Marginal Workers,2001,83549
district,378,2011,Non Workers,2001,948630
district,224,2011,Main Workers,2001,580731
district,224,2011,Marginal Workers,2001,274614
district,224,2011,Non Workers,2001,1567827
district,506,2011,Main Workers,2001,365464
district,506,2011,Marginal Workers,2001,171421
district,506,2011,Non Workers,2001,599261
district,105,2011,Main Workers,2001,573547
district,105,2011,Marginal Workers,2001,279366
district,105,2011,Non Workers,2001,1248229
district,488,2011,Main Workers,2001,469551
district,488,2011,Marginal Workers,2001,101142
district,488,2011,Non Workers,2001,799963
district,481,2011,Main Workers,2001,781166
district,481,2011,Marginal Workers,2001,163393
district,481,2011,Non Workers,2001,1525071
district,122,2011,Main Workers,2001,764916
district,122,2011,Marginal Workers,2001,174932
district,122,2011,Non Workers,2001,1073941
district,420,2011,Main Workers,2001,396769
district,420,2011,Marginal Workers,2001,128601
district,420,2011,Non Workers,2001,903189
district,81,2011,Main Workers,2001,425210
district,81,2011,Marginal Workers,2001,184110
district,81,2011,Non Workers,2001,815702
district,231,2011,Main Workers,2001,491916
district,231,2011,Marginal Workers,2001,161895
district,231,2011,Non Workers,2001,1589333
district,444,2011,Main Workers,2001,500524
district,444,2011,Marginal Workers,2001,90930
district,444,2011,Non Workers,2001,1252056
district,523,2011,Main Workers,2001,830658
district,523,2011,Marginal Workers,2001,126926
district,523,2011,Non Workers,2001,1203666
district,558,2011,Main Workers,2001,424985
district,558,2011,Marginal Workers,2001,132618
district,558,2011,Non Workers,2001,944770
district,417,2011,Main Workers,2001,551972
district,557,2011,Main Workers,2001,551972
district,417,2011,Marginal Workers,2001,166241
district,557,2011,Marginal Workers,2001,166241
district,417,2011,Non Workers,2001,1088705
district,557,2011,Non Workers,2001,1088705
district,134,2011,Main Workers,2001,708265
district,134,2011,Marginal Workers,2001,176216
district,134,2011,Non Workers,2001,2247138
district,101,2011,Main Workers,2001,522482
district,101,2011,Marginal Workers,2001,138975
district,101,2011,Non Workers,2001,1012814
district,30,2011,Main Workers,2001,741156
district,406,2011,Main Workers,2001,741156
district,30,2011,Marginal Workers,2001,283129
district,406,2011,Marginal Workers,2001,283129
district,30,2011,Non Workers,2001,1314955
district,406,2011,Non Workers,2001,1314955
district,334,2011,Main Workers,2001,831699
district,334,2011,Marginal Workers,2001,296798
district,334,2011,Non Workers,2001,1886925
district,275,2011,Main Workers,2001,55557
district,275,2011,Marginal Workers,2001,34146
district,275,2011,Non Workers,2001,118665
district,355,2011,Main Workers,2001,336131
district,355,2011,Marginal Workers,2001,173179
district,355,2011,Non Workers,2001,1268352
district,319,2011,Main Workers,2001,233087
district,319,2011,Marginal Workers,2001,60156
district,319,2011,Non Workers,2001,611592
district,149,2011,Main Workers,2001,768945
district,149,2011,Marginal Workers,2001,153155
district,149,2011,Non Workers,2001,2147326
district,142,2011,Main Workers,2001,908797
district,142,2011,Marginal Workers,2001,107218
district,142,2011,Non Workers,2001,1216465
district,500,2011,Main Workers,2001,908797
district,500,2011,Marginal Workers,2001,107218
district,500,2011,Non Workers,2001,1216465
district,121,2011,Main Workers,2001,305977
district,121,2011,Marginal Workers,2001,150960
district,121,2011,Non Workers,2001,505683
district,467,2011,Main Workers,2001,305398
district,467,2011,Marginal Workers,2001,102788
district,467,2011,Non Workers,2001,994210
district,232,2011,Main Workers,2001,305398
district,232,2011,Marginal Workers,2001,102788
district,232,2011,Non Workers,2001,994210
district,316,2011,Main Workers,2001,364814
district,316,2011,Marginal Workers,2001,100920
district,316,2011,Non Workers,2001,979187
district,95,2011,Main Workers,2001,213324
district,95,2011,Marginal Workers,2001,10527
district,95,2011,Non Workers,2001,422534
district,578,2011,Main Workers,2001,336961
district,578,2011,Marginal Workers,2001,111408
district,578,2011,Non Workers,2001,517093
district,23,2011,Main Workers,2001,128452
district,23,2011,Marginal Workers,2001,102000
district,23,2011,Non Workers,2001,230435
district,57,2011,Main Workers,2001,96900
district,57,2011,Marginal Workers,2001,67829
district,57,2011,Non Workers,2001,205630
district,65,2011,Main Workers,2001,56165
district,65,2011,Marginal Workers,2001,34043
district,65,2011,Non Workers,2001,134334
district,284,2011,Main Workers,2001,49658
district,284,2011,Marginal Workers,2001,18476
district,284,2011,Non Workers,2001,40258
district,196,2011,Main Workers,2001,339953
district,196,2011,Marginal Workers,2001,187680
district,196,2011,Non Workers,2001,1115618
district,280,2011,Main Workers,2001,39935
district,280,2011,Marginal Workers,2001,14610
district,280,2011,Non Workers,2001,63782
district,55,2011,Main Workers,2001,328989
district,55,2011,Marginal Workers,2001,11433
district,55,2011,Non Workers,2001,560213
district,509,2011,Main Workers,2001,683029
district,509,2011,Marginal Workers,2001,247762
district,509,2011,Non Workers,2001,1140310
district,253,2011,Main Workers,2001,49176
district,253,2011,Marginal Workers,2001,10869
district,253,2011,Non Workers,2001,65377
district,347,2011,Main Workers,2001,188843
district,347,2011,Marginal Workers,2001,110265
district,347,2011,Non Workers,2001,492326
district,603,2011,Main Workers,2001,1380757
district,603,2011,Marginal Workers,2001,107607
district,603,2011,Non Workers,2001,2855281
district,425,2011,Main Workers,2001,441443
district,425,2011,Marginal Workers,2001,151027
district,425,2011,Non Workers,2001,882253
district,455,2011,Main Workers,2001,559318
district,455,2011,Marginal Workers,2001,220215
district,455,2011,Non Workers,2001,1069750
district,582,2011,Main Workers,2001,428830
district,582,2011,Marginal Workers,2001,87847
district,582,2011,Non Workers,2001,624228
district,570,2011,Main Workers,2001,428830
district,570,2011,Marginal Workers,2001,87847
district,570,2011,Non Workers,2001,624228
district,320,2011,Main Workers,2001,576035
district,320,2011,Marginal Workers,2001,145800
district,320,2011,Non Workers,2001,796061
district,566,2011,Main Workers,2001,576035
district,566,2011,Marginal Workers,2001,145800
district,566,2011,Non Workers,2001,796061
district,171,2011,Main Workers,2001,224429
district,171,2011,Marginal Workers,2001,99527
district,171,2011,Non Workers,2001,442269
district,126,2011,Main Workers,2001,749689
district,126,2011,Marginal Workers,2001,180650
district,126,2011,Non Workers,2001,873185
district,554,2011,Main Workers,2001,1462690
district,554,2011,Marginal Workers,2001,290289
district,554,2011,Non Workers,2001,1992896
district,274,2011,Main Workers,2001,71933
district,274,2011,Marginal Workers,2001,27430
district,274,2011,Non Workers,2001,128542
district,102,2011,Main Workers,2001,587431
district,102,2011,Marginal Workers,2001,266468
district,102,2011,Non Workers,2001,1069979
district,632,2011,Main Workers,2001,1828629
district,632,2011,Marginal Workers,2001,148983
district,632,2011,Non Workers,2001,2294244
district,617,2011,Main Workers,2001,729764
district,617,2011,Marginal Workers,2001,243302
district,617,2011,Non Workers,2001,1312329
district,381,2011,Main Workers,2001,613883
district,381,2011,Marginal Workers,2001,180151
district,381,2011,Non Workers,2001,1547060
district,496,2011,Main Workers,2001,96184
district,496,2011,Marginal Workers,2001,17938
district,496,2011,Non Workers,2001,106368
district,416,2011,Main Workers,2001,471187
district,416,2011,Marginal Workers,2001,141541
district,416,2011,Non Workers,2001,890450
district,331,2011,Main Workers,2001,471187
district,331,2011,Marginal Workers,2001,141541
district,331,2011,Non Workers,2001,890450
district,575,2011,Main Workers,2001,841509
district,575,2011,Marginal Workers,2001,104881
district,575,2011,Non Workers,2001,951340
district,495,2011,Main Workers,2001,56118
district,495,2011,Marginal Workers,2001,2811
district,495,2011,Non Workers,2001,55060
district,428,2011,Main Workers,2001,348890
district,428,2011,Marginal Workers,2001,137596
district,428,2011,Non Workers,2001,597463
district,215,2011,Main Workers,2001,761464
district,215,2011,Marginal Workers,2001,267094
district,215,2011,Non Workers,2001,2267231
district,327,2011,Main Workers,2001,478851
district,327,2011,Marginal Workers,2001,90591
district,327,2011,Non Workers,2001,1039730
district,325,2011,Main Workers,2001,404428
district,325,2011,Marginal Workers,2001,123565
district,325,2011,Non Workers,2001,976327
district,422,2011,Main Workers,2001,226330
district,422,2011,Marginal Workers,2001,89690
district,422,2011,Non Workers,2001,312220
district,109,2011,Main Workers,2001,417275
district,109,2011,Marginal Workers,2001,125259
district,109,2011,Non Workers,2001,774529
district,567,2011,Main Workers,2001,631726
district,567,2011,Marginal Workers,2001,152055
district,567,2011,Non Workers,2001,1007171
district,373,2011,Main Workers,2001,69848
district,373,2011,Marginal Workers,2001,56412
district,373,2011,Non Workers,2001,147848
district,60,2011,Main Workers,2001,336504
district,60,2011,Marginal Workers,2001,63971
district,60,2011,Non Workers,2001,881668
district,350,2011,Main Workers,2001,283711
district,350,2011,Marginal Workers,2001,149003
district,350,2011,Non Workers,2001,732676
district,190,2011,Main Workers,2001,465463
district,190,2011,Marginal Workers,2001,308439
district,190,2011,Non Workers,2001,1938748
district,437,2011,Main Workers,2001,429159
district,437,2011,Marginal Workers,2001,151263
district,437,2011,Non Workers,2001,727801
district,291,2011,Main Workers,2001,92570
district,291,2011,Marginal Workers,2001,34191
district,291,2011,Non Workers,2001,181107
district,412,2011,Main Workers,2001,268236
district,412,2011,Marginal Workers,2001,85994
district,412,2011,Non Workers,2001,352361
district,354,2011,Main Workers,2001,492501
district,354,2011,Marginal Workers,2001,171557
district,354,2011,Non Workers,2001,1733044
district,438,2011,Main Workers,2001,595586
district,438,2011,Marginal Workers,2001,215829
district,438,2011,Non Workers,2001,928914
district,630,2011,Main Workers,2001,1188366
district,630,2011,Marginal Workers,2001,224884
district,630,2011,Non Workers,2001,1443050
district,562,2011,Main Workers,2001,587018
district,562,2011,Marginal Workers,2001,97474
district,562,2011,Non Workers,2001,919761
district,106,2011,Main Workers,2001,273184
district,106,2011,Marginal Workers,2001,156130
district,106,2011,Non Workers,2001,553944
district,308,2011,Main Workers,2001,155431
district,308,2011,Marginal Workers,2001,94715
district,308,2011,Non Workers,2001,321798
district,383,2011,Main Workers,2001,261875
district,383,2011,Marginal Workers,2001,94638
district,383,2011,Non Workers,2001,710365
district,301,2011,Main Workers,2001,399201
district,301,2011,Marginal Workers,2001,71159
district,301,2011,Non Workers,2001,1166984
district,498,2011,Main Workers,2001,573496
district,498,2011,Marginal Workers,2001,164445
district,498,2011,Non Workers,2001,970006
district,257,2011,Main Workers,2001,22086
district,257,2011,Marginal Workers,2001,3614
district,257,2011,Non Workers,2001,32020
district,310,2011,Main Workers,2001,342708
district,310,2011,Marginal Workers,2001,129711
district,310,2011,Non Workers,2001,712653
district,315,2011,Main Workers,2001,87581
district,315,2011,Marginal Workers,2001,15725
district,315,2011,Non Workers,2001,205718
district,265,2011,Main Workers,2001,87581
district,265,2011,Marginal Workers,2001,15725
district,265,2011,Non Workers,2001,205718
district,612,2011,Main Workers,2001,841893
district,612,2011,Marginal Workers,2001,131439
district,612,2011,Non Workers,2001,949682
district,453,2011,Main Workers,2001,260447
district,453,2011,Marginal Workers,2001,70460
district,453,2011,Non Workers,2001,249823
district,494,2011,Main Workers,2001,11404
district,494,2011,Marginal Workers,2001,2458
district,494,2011,Non Workers,2001,30353
district,16,2011,Main Workers,2001,194309
district,16,2011,Marginal Workers,2001,123971
district,16,2011,Non Workers,2001,373649
district,485,2011,Main Workers,2001,496410
district,485,2011,Marginal Workers,2001,318180
district,485,2011,Non Workers,2001,821843
district,362,2011,Main Workers,2001,470354
district,362,2011,Marginal Workers,2001,308024
district,362,2011,Non Workers,2001,981224
district,124,2011,Main Workers,2001,272283
district,124,2011,Marginal Workers,2001,259093
district,124,2011,Non Workers,2001,576267
district,409,2011,Main Workers,2001,965624
district,409,2011,Marginal Workers,2001,197209
district,409,2011,Non Workers,2001,1647603
district,93,2011,Main Workers,2001,548793
district,93,2011,Marginal Workers,2001,43046
district,93,2011,Non Workers,2001,1116784
district,244,2011,Main Workers,2001,78806
district,244,2011,Marginal Workers,2001,33190
district,244,2011,Non Workers,2001,138586
district,294,2011,Main Workers,2001,78806
district,294,2011,Marginal Workers,2001,33190
district,294,2011,Non Workers,2001,138586
district,545,2011,Main Workers,2001,23543
district,545,2011,Marginal Workers,2001,2406
district,545,2011,Non Workers,2001,31230
district,247,2011,Main Workers,2001,23543
district,247,2011,Marginal Workers,2001,2406
district,247,2011,Non Workers,2001,31230
district,298,2011,Main Workers,2001,219190
district,298,2011,Marginal Workers,2001,37372
district,298,2011,Non Workers,2001,404361
district,251,2011,Main Workers,2001,29183
district,251,2011,Marginal Workers,2001,4369
district,251,2011,Non Workers,2001,53845
district,595,2011,Main Workers,2001,915756
district,595,2011,Marginal Workers,2001,201335
district,595,2011,Non Workers,2001,1988707
district,610,2011,Main Workers,2001,1317991
district,610,2011,Marginal Workers,2001,116414
district,610,2011,Non Workers,2001,1147095
district,201,2011,Main Workers,2001,659834
district,201,2011,Marginal Workers,2001,142584
district,201,2011,Non Workers,2001,1987992
district,161,2011,Main Workers,2001,298612
district,161,2011,Marginal Workers,2001,69997
district,161,2011,Non Workers,2001,970262
district,177,2011,Main Workers,2001,527901
district,177,2011,Marginal Workers,2001,295816
district,177,2011,Non Workers,2001,1265211
district,88,2011,Main Workers,2001,609663
district,88,2011,Marginal Workers,2001,176099
district,88,2011,Non Workers,2001,1408824
district,45,2011,Main Workers,2001,181873
district,45,2011,Marginal Workers,2001,27881
district,45,2011,Non Workers,2001,341138
district,159,2011,Main Workers,2001,380901
district,159,2011,Marginal Workers,2001,81952
district,159,2011,Non Workers,2001,1107555
district,78,2011,Main Workers,2001,261623
district,78,2011,Marginal Workers,2001,101352
district,78,2011,Non Workers,2001,443183
district,40,2011,Main Workers,2001,182020
district,40,2011,Marginal Workers,2001,24119
district,40,2011,Non Workers,2001,331902
district,172,2011,Main Workers,2001,594435
district,172,2011,Marginal Workers,2001,275177
district,172,2011,Non Workers,2001,1438772
district,147,2011,Main Workers,2001,455028
district,147,2011,Marginal Workers,2001,103913
district,147,2011,Non Workers,2001,1494017
district,43,2011,Main Workers,2001,535889
district,43,2011,Marginal Workers,2001,112787
district,43,2011,Non Workers,2001,1097431
district,561,2011,Main Workers,2001,388763
district,561,2011,Marginal Workers,2001,69054
district,561,2011,Non Workers,2001,514018
district,508,2011,Main Workers,2001,336959
district,508,2011,Marginal Workers,2001,160145
district,508,2011,Non Workers,2001,473190
district,389,2011,Main Workers,2001,179992
district,389,2011,Marginal Workers,2001,95542
district,389,2011,Non Workers,2001,243303
district,11,2011,Main Workers,2001,467413
district,11,2011,Marginal Workers,2001,86923
district,11,2011,Non Workers,2001,780119
district,473,2011,Main Workers,2001,467413
district,473,2011,Marginal Workers,2001,86923
district,473,2011,Non Workers,2001,780119
district,99,2011,Main Workers,2001,552559
district,99,2011,Marginal Workers,2001,167233
district,99,2011,Non Workers,2001,1069631
district,388,2011,Main Workers,2001,819726
district,388,2011,Marginal Workers,2001,486206
district,388,2011,Non Workers,2001,1854703
district,346,2011,Main Workers,2001,231057
district,346,2011,Marginal Workers,2001,171864
district,346,2011,Non Workers,2001,632543
district,61,2011,Main Workers,2001,171647
district,61,2011,Marginal Workers,2001,98224
district,61,2011,Non Workers,2001,427207
district,141,2011,Main Workers,2001,308884
district,141,2011,Marginal Workers,2001,54930
district,141,2011,Non Workers,2001,838216
district,236,2011,Main Workers,2001,994459
district,236,2011,Marginal Workers,2001,283180
district,236,2011,Non Workers,2001,2195789
district,140,2011,Main Workers,2001,799884
district,140,2011,Marginal Workers,2001,138367
district,140,2011,Non Workers,2001,2352335
district,195,2011,Main Workers,2001,647379
district,195,2011,Marginal Workers,2001,306133
district,195,2011,Non Workers,2001,2084070
district,349,2011,Main Workers,2001,340925
district,349,2011,Marginal Workers,2001,303719
district,349,2011,Non Workers,2001,1259786
district,302,2011,Main Workers,2001,209928
district,302,2011,Marginal Workers,2001,63997
district,302,2011,Non Workers,2001,548110
district,351,2011,Main Workers,2001,238694
district,351,2011,Marginal Workers,2001,183247
district,351,2011,Non Workers,2001,625998
district,313,2011,Main Workers,2001,269896
district,313,2011,Marginal Workers,2001,118744
district,313,2011,Non Workers,2001,557639
district,183,2011,Main Workers,2001,697223
district,183,2011,Marginal Workers,2001,241871
district,183,2011,Non Workers,2001,1826492
district,507,2011,Main Workers,2001,391890
district,507,2011,Marginal Workers,2001,187706
district,507,2011,Non Workers,2001,621111
district,217,2011,Main Workers,2001,466811
district,217,2011,Marginal Workers,2001,174861
district,217,2011,Non Workers,2001,1510966
district,188,2011,Main Workers,2001,692824
district,188,2011,Marginal Workers,2001,443471
district,188,2011,Non Workers,2001,2633161
district,579,2011,Main Workers,2001,1010430
district,579,2011,Marginal Workers,2001,339642
district,579,2011,Non Workers,2001,1780850
district,366,2011,Main Workers,2001,446953
district,366,2011,Marginal Workers,2001,211968
district,366,2011,Non Workers,2001,687846
district,458,2011,Main Workers,2001,496734
district,458,2011,Marginal Workers,2001,186254
district,458,2011,Non Workers,2001,983779
district,548,2011,Main Workers,2001,1869886
district,548,2011,Marginal Workers,2001,320413
district,548,2011,Non Workers,2001,2274845
district,35,2011,Main Workers,2001,568322
district,35,2011,Marginal Workers,2001,132235
district,35,2011,Non Workers,2001,1403454
district,86,2011,Main Workers,2001,464644
district,86,2011,Marginal Workers,2001,165014
district,86,2011,Non Workers,2001,1030631
district,421,2011,Main Workers,2001,441815
district,421,2011,Marginal Workers,2001,88814
district,421,2011,Non Workers,2001,1101480
district,318,2011,Main Workers,2001,138216
district,318,2011,Marginal Workers,2001,41665
district,318,2011,Non Workers,2001,362991
district,28,2011,Main Workers,2001,390829
district,168,2011,Main Workers,2001,390829
district,28,2011,Marginal Workers,2001,223276
district,168,2011,Marginal Workers,2001,223276
district,28,2011,Non Workers,2001,842319
district,168,2011,Non Workers,2001,842319
district,100,2011,Main Workers,2001,491225
district,100,2011,Marginal Workers,2001,137086
district,100,2011,Non Workers,2001,889694
district,341,2011,Main Workers,2001,1224972
district,341,2011,Marginal Workers,2001,213902
district,341,2011,Non Workers,2001,2834225
district,448,2011,Main Workers,2001,152079
district,448,2011,Marginal Workers,2001,61147
district,448,2011,Non Workers,2001,261190
district,155,2011,Main Workers,2001,904115
district,155,2011,Marginal Workers,2001,193546
district,155,2011,Non Workers,2001,2300645
district,68,2011,Main Workers,2001,353556
district,68,2011,Marginal Workers,2001,71707
district,68,2011,Non Workers,2001,1021924
district,574,2011,Main Workers,2001,702827
district,574,2011,Marginal Workers,2001,161884
district,574,2011,Non Workers,2001,856958
district,564,2011,Main Workers,2001,531221
district,564,2011,Marginal Workers,2001,135493
district,564,2011,Non Workers,2001,772402
district,360,2011,Main Workers,2001,532895
district,360,2011,Marginal Workers,2001,257154
district,360,2011,Non Workers,2001,1487426
district,512,2011,Main Workers,2001,412838
district,512,2011,Marginal Workers,2001,47140
district,512,2011,Non Workers,2001,527182
district,80,2011,Main Workers,2001,516817
district,80,2011,Marginal Workers,2001,148755
district,80,2011,Non Workers,2001,871545
district,449,2011,Main Workers,2001,293965
district,449,2011,Marginal Workers,2001,93155
district,449,2011,Non Workers,2001,697145
district,38,2011,Main Workers,2001,415123
district,38,2011,Marginal Workers,2001,98228
district,38,2011,Non Workers,2001,967385
district,338,2011,Main Workers,2001,1528040
district,338,2011,Marginal Workers,2001,331447
district,338,2011,Non Workers,2001,3182489
district,536,2011,Main Workers,2001,1032298
district,536,2011,Marginal Workers,2001,87544
district,536,2011,Non Workers,2001,2709911
district,596,2011,Main Workers,2001,400699
district,596,2011,Marginal Workers,2001,86653
district,596,2011,Non Workers,2001,641869
district,278,2011,Main Workers,2001,106562
district,278,2011,Marginal Workers,2001,50320
district,278,2011,Non Workers,2001,237994
district,277,2011,Main Workers,2001,129101
district,277,2011,Marginal Workers,2001,49010
district,277,2011,Non Workers,2001,266271
district,439,2011,Main Workers,2001,766796
district,439,2011,Marginal Workers,2001,126873
district,439,2011,Non Workers,2001,1572158
district,451,2011,Main Workers,2001,624580
district,451,2011,Marginal Workers,2001,175022
district,451,2011,Non Workers,2001,1351601
district,380,2011,Main Workers,2001,95635
district,380,2011,Marginal Workers,2001,31242
district,380,2011,Non Workers,2001,172231
district,299,2011,Main Workers,2001,95635
district,299,2011,Marginal Workers,2001,31242
district,299,2011,Non Workers,2001,172231
district,110,2011,Main Workers,2001,1584361
district,110,2011,Marginal Workers,2001,279694
district,110,2011,Non Workers,2001,3387016
district,114,2011,Main Workers,2001,153139
district,114,2011,Marginal Workers,2001,58548
district,114,2011,Non Workers,2001,296560
district,382,2011,Main Workers,2001,347328
district,382,2011,Marginal Workers,2001,99197
district,382,2011,Non Workers,2001,1177816
district,37,2011,Main Workers,2001,599324
district,37,2011,Marginal Workers,2001,77511
district,37,2011,Non Workers,2001,1285865
district,165,2011,Main Workers,2001,356090
district,165,2011,Marginal Workers,2001,166791
district,165,2011,Non Workers,2001,931571
district,499,2011,Main Workers,2001,1300086
district,499,2011,Marginal Workers,2001,263897
district,499,2011,Non Workers,2001,2118707
district,514,2011,Main Workers,2001,611998
district,514,2011,Marginal Workers,2001,104902
district,514,2011,Non Workers,2001,896080
district,116,2011,Main Workers,2001,506324
district,116,2011,Marginal Workers,2001,220885
district,116,2011,Non Workers,2001,721731
district,328,2011,Main Workers,2001,1025433
district,328,2011,Marginal Workers,2001,277703
district,328,2011,Non Workers,2001,2098037
district,21,2011,Main Workers,2001,434430
district,21,2011,Marginal Workers,2001,93901
district,21,2011,Non Workers,2001,1060441
district,477,2011,Main Workers,2001,624057
district,477,2011,Marginal Workers,2001,110325
district,477,2011,Non Workers,2001,1169896
district,363,2011,Main Workers,2001,392536
district,363,2011,Marginal Workers,2001,204081
district,363,2011,Non Workers,2001,802179
district,238,2011,Main Workers,2001,392536
district,238,2011,Marginal Workers,2001,204081
district,238,2011,Non Workers,2001,802179
district,405,2011,Main Workers,2001,411510
district,405,2011,Marginal Workers,2001,164413
district,405,2011,Non Workers,2001,741508
district,402,2011,Main Workers,2001,261952
district,402,2011,Marginal Workers,2001,135946
district,402,2011,Non Workers,2001,345262
district,194,2011,Main Workers,2001,789047
district,194,2011,Marginal Workers,2001,426468
district,194,2011,Non Workers,2001,2696164
district,239,2011,Main Workers,2001,422789
district,239,2011,Marginal Workers,2001,158116
district,239,2011,Non Workers,2001,933410
district,464,2011,Main Workers,2001,487387
district,464,2011,Marginal Workers,2001,244859
district,464,2011,Non Workers,2001,662315
district,83,2011,Main Workers,2001,276208
district,83,2011,Marginal Workers,2001,112507
district,83,2011,Non Workers,2001,491357
district,129,2011,Main Workers,2001,399386
district,129,2011,Marginal Workers,2001,155395
district,129,2011,Non Workers,2001,625542
district,166,2011,Main Workers,2001,466903
district,166,2011,Marginal Workers,2001,179104
district,166,2011,Non Workers,2001,1098924
district,371,2011,Main Workers,2001,133148
district,371,2011,Marginal Workers,2001,56445
district,371,2011,Non Workers,2001,320123
district,103,2011,Main Workers,2001,495148
district,103,2011,Marginal Workers,2001,265762
district,103,2011,Non Workers,2001,1152779
district,77,2011,Main Workers,2001,372049
district,77,2011,Marginal Workers,2001,149897
district,77,2011,Non Workers,2001,667881
district,113,2011,Main Workers,2001,829721
district,113,2011,Marginal Workers,2001,275288
district,113,2011,Non Workers,2001,1781496
district,312,2011,Main Workers,2001,285092
district,312,2011,Marginal Workers,2001,129256
district,312,2011,Non Workers,2001,584873
district,479,2011,Main Workers,2001,785530
district,479,2011,Marginal Workers,2001,215312
district,479,2011,Non Workers,2001,1447331
district,137,2011,Main Workers,2001,382742
district,137,2011,Marginal Workers,2001,95361
district,137,2011,Non Workers,2001,1020965
district,407,2011,Main Workers,2001,498186
district,407,2011,Marginal Workers,2001,107413
district,407,2011,Non Workers,2001,977626
district,468,2011,Main Workers,2001,498186
district,468,2011,Marginal Workers,2001,107413
district,468,2011,Non Workers,2001,977626
district,233,2011,Main Workers,2001,268127
district,233,2011,Marginal Workers,2001,103884
district,233,2011,Non Workers,2001,574120
district,73,2011,Main Workers,2001,268127
district,73,2011,Marginal Workers,2001,103884
district,73,2011,Non Workers,2001,574120
district,395,2011,Main Workers,2001,382050
district,395,2011,Marginal Workers,2001,238900
district,395,2011,Non Workers,2001,714544
district,321,2011,Main Workers,2001,697810
district,321,2011,Marginal Workers,2001,144443
district,321,2011,Non Workers,2001,1680071
district,322,2011,Main Workers,2001,916295
district,322,2011,Marginal Workers,2001,228634
district,322,2011,Non Workers,2001,1732539
district,604,2011,Main Workers,2001,916295
district,604,2011,Marginal Workers,2001,228634
district,604,2011,Non Workers,2001,1732539
district,390,2011,Main Workers,2001,176128
district,390,2011,Marginal Workers,2001,130081
district,390,2011,Non Workers,2001,341992
district,24,2011,Main Workers,2001,336649
district,24,2011,Marginal Workers,2001,252345
district,24,2011,Non Workers,2001,750036
district,160,2011,Main Workers,2001,347072
district,160,2011,Marginal Workers,2001,110519
district,160,2011,Non Workers,2001,931332
district,629,2011,Main Workers,2001,454378
district,629,2011,Marginal Workers,2001,93678
district,629,2011,Non Workers,2001,1127978
district,589,2011,Main Workers,2001,626876
district,589,2011,Marginal Workers,2001,140321
district,589,2011,Non Workers,2001,1641759
district,163,2011,Main Workers,2001,377230
district,163,2011,Marginal Workers,2001,135981
district,163,2011,Non Workers,2001,1050125
district,164,2011,Main Workers,2001,1040278
district,164,2011,Marginal Workers,2001,207555
district,164,2011,Non Workers,2001,2920166
district,202,2011,Main Workers,2001,231222
district,202,2011,Marginal Workers,2001,31519
district,202,2011,Non Workers,2001,491780
district,36,2011,Main Workers,2001,231222
district,36,2011,Marginal Workers,2001,31519
district,36,2011,Non Workers,2001,491780
district,637,2011,Main Workers,2001,51700
district,637,2011,Marginal Workers,2001,5862
district,637,2011,Non Workers,2001,113229
district,107,2011,Main Workers,2001,355450
district,107,2011,Marginal Workers,2001,127660
district,107,2011,Non Workers,2001,726555
district,314,2011,Main Workers,2001,231638
district,314,2011,Marginal Workers,2001,98842
district,314,2011,Non Workers,2001,482831
district,4,2011,Main Workers,2001,38330
district,4,2011,Marginal Workers,2001,17315
district,4,2011,Non Workers,2001,63662
district,317,2011,Main Workers,2001,235016
district,317,2011,Marginal Workers,2001,68278
district,317,2011,Non Workers,2001,704682
district,534,2011,Main Workers,2001,1458954
district,534,2011,Marginal Workers,2001,252605
district,534,2011,Non Workers,2001,1780263
district,74,2011,Main Workers,2001,355466
district,74,2011,Marginal Workers,2001,99989
district,74,2011,Non Workers,2001,818728
district,613,2011,Main Workers,2001,445450
district,613,2011,Marginal Workers,2001,51014
district,613,2011,Non Workers,2001,439222
district,588,2011,Main Workers,2001,327762
district,588,2011,Marginal Workers,2001,90083
district,588,2011,Non Workers,2001,786233
district,7,2011,Main Workers,2001,161823
district,7,2011,Marginal Workers,2001,43599
district,7,2011,Non Workers,2001,344662
district,212,2011,Main Workers,2001,664259
district,212,2011,Marginal Workers,2001,234067
district,212,2011,Non Workers,2001,1494312
district,450,2011,Main Workers,2001,295075
district,450,2011,Marginal Workers,2001,148620
district,450,2011,Non Workers,2001,620472
district,174,2011,Main Workers,2001,325303
district,174,2011,Marginal Workers,2001,181430
district,174,2011,Non Workers,2001,786421
district,379,2011,Main Workers,2001,293565
district,379,2011,Marginal Workers,2001,94731
district,379,2011,Non Workers,2001,913709
district,375,2011,Main Workers,2001,395160
district,375,2011,Marginal Workers,2001,226066
district,375,2011,Non Workers,2001,940764
district,223,2011,Main Workers,2001,333262
district,223,2011,Marginal Workers,2001,133978
district,223,2011,Non Workers,2001,813114
district,541,2011,Main Workers,2001,1039322
district,541,2011,Marginal Workers,2001,205054
district,541,2011,Non Workers,2001,1334551
district,466,2011,Main Workers,2001,694400
district,466,2011,Marginal Workers,2001,213780
district,466,2011,Non Workers,2001,1116036
district,440,2011,Main Workers,2001,694400
district,440,2011,Marginal Workers,2001,213780
district,440,2011,Non Workers,2001,1116036
district,483,2011,Main Workers,2001,694400
district,483,2011,Marginal Workers,2001,213780
district,483,2011,Non Workers,2001,1116036
district,153,2011,Main Workers,2001,838041
district,153,2011,Marginal Workers,2001,170511
district,153,2011,Non Workers,2001,2198680
district,386,2011,Main Workers,2001,480247
district,386,2011,Marginal Workers,2001,94816
district,386,2011,Non Workers,2001,1302332
district,365,2011,Main Workers,2001,40313
district,365,2011,Marginal Workers,2001,7498
district,365,2011,Non Workers,2001,30523
district,34,2011,Main Workers,2001,40313
district,34,2011,Marginal Workers,2001,7498
district,34,2011,Non Workers,2001,30523
district,269,2011,Main Workers,2001,359819
district,269,2011,Marginal Workers,2001,57332
district,269,2011,Non Workers,2001,879197
district,210,2011,Main Workers,2001,359819
district,210,2011,Marginal Workers,2001,57332
district,210,2011,Non Workers,2001,879197
district,18,2011,Main Workers,2001,754311
district,18,2011,Marginal Workers,2001,212394
district,18,2011,Non Workers,2001,1512450
district,329,2011,Main Workers,2001,754311
district,329,2011,Marginal Workers,2001,212394
district,329,2011,Non Workers,2001,1512450
district,576,2011,Main Workers,2001,247574
district,576,2011,Marginal Workers,2001,18804
district,576,2011,Non Workers,2001,282183
district,348,2011,Main Workers,2001,109394
district,348,2011,Marginal Workers,2001,65616
district,348,2011,Non Workers,2001,324393
district,270,2011,Main Workers,2001,114456
district,270,2011,Marginal Workers,2001,20567
district,270,2011,Non Workers,2001,175061
district,300,2011,Main Workers,2001,234771
district,300,2011,Marginal Workers,2001,100078
district,300,2011,Non Workers,2001,570915
district,581,2011,Main Workers,2001,1014667
district,581,2011,Marginal Workers,2001,220361
district,581,2011,Non Workers,2001,1301041
district,282,2011,Main Workers,2001,27441
district,282,2011,Marginal Workers,2001,8069
district,282,2011,Non Workers,2001,30450
district,530,2011,Main Workers,2001,1394882
district,530,2011,Marginal Workers,2001,258088
district,530,2011,Non Workers,2001,1870192
district,342,2011,Main Workers,2001,1623779
district,342,2011,Marginal Workers,2001,93955
district,342,2011,Non Workers,2001,2855142
district,600,2011,Main Workers,2001,654823
district,600,2011,Marginal Workers,2001,173743
district,600,2011,Non Workers,2001,1756642
district,560,2011,Main Workers,2001,422208
district,560,2011,Marginal Workers,2001,132298
district,560,2011,Non Workers,2001,641583
district,398,2011,Main Workers,2001,353367
district,398,2011,Marginal Workers,2001,217068
district,398,2011,Non Workers,2001,610202
district,404,2011,Main Workers,2001,302248
district,404,2011,Marginal Workers,2001,128754
district,404,2011,Non Workers,2001,580821
district,400,2011,Main Workers,2001,181837
district,400,2011,Marginal Workers,2001,97989
district,400,2011,Non Workers,2001,306501
district,127,2011,Main Workers,2001,420734
district,127,2011,Marginal Workers,2001,120628
district,127,2011,Non Workers,2001,1027163
district,597,2011,Main Workers,2001,539609
district,597,2011,Marginal Workers,2001,102548
district,597,2011,Non Workers,2001,1311489
district,591,2011,Main Workers,2001,630836
district,591,2011,Marginal Workers,2001,172064
district,591,2011,Non Workers,2001,2076231
district,547,2011,Main Workers,2001,1575433
district,547,2011,Marginal Workers,2001,266164
district,547,2011,Non Workers,2001,2346244
district,631,2011,Main Workers,2001,166715
district,631,2011,Marginal Workers,2001,49798
district,631,2011,Non Workers,2001,165058
district,15,2011,Main Workers,2001,166715
district,15,2011,Marginal Workers,2001,49798
district,15,2011,Non Workers,2001,165058
district,26,2011,Main Workers,2001,166715
district,26,2011,Marginal Workers,2001,49798
district,26,2011,Non Workers,2001,165058
district,1,2011,Main Workers,2001,123713
district,1,2011,Marginal Workers,2001,88788
district,1,2011,Non Workers,2001,437892
district,552,2011,Main Workers,2001,1500598
district,552,2011,Marginal Workers,2001,244622
district,552,2011,Non Workers,2001,1784274
district,72,2011,Main Workers,2001,250596
district,72,2011,Marginal Workers,2001,57796
district,72,2011,Non Workers,2001,517062
district,256,2011,Main Workers,2001,574887
district,256,2011,Marginal Workers,2001,415236
district,256,2011,Non Workers,2001,1903073
district,189,2011,Main Workers,2001,574887
district,189,2011,Marginal Workers,2001,415236
district,189,2011,Non Workers,2001,1903073
district,25,2011,Main Workers,2001,19209
district,25,2011,Marginal Workers,2001,1879
district,25,2011,Non Workers,2001,12136
district,307,2011,Main Workers,2001,288052
district,307,2011,Marginal Workers,2001,209693
district,307,2011,Non Workers,2001,391265
district,227,2011,Main Workers,2001,226192
district,227,2011,Marginal Workers,2001,66442
district,227,2011,Non Workers,2001,509591
district,587,2011,Main Workers,2001,11710
district,587,2011,Marginal Workers,2001,3644
district,587,2011,Non Workers,2001,45296
district,167,2011,Main Workers,2001,289137
district,167,2011,Marginal Workers,2001,133228
district,167,2011,Non Workers,2001,555369
district,359,2011,Main Workers,2001,712849
district,359,2011,Marginal Workers,2001,127669
district,359,2011,Non Workers,2001,1239767
district,524,2011,Main Workers,2001,712849
district,524,2011,Marginal Workers,2001,127669
district,524,2011,Non Workers,2001,1239767
district,287,2011,Main Workers,2001,26188
district,287,2011,Marginal Workers,2001,7905
district,287,2011,Non Workers,2001,39527
district,3,2011,Main Workers,2001,100918
district,3,2011,Marginal Workers,2001,52455
district,3,2011,Non Workers,2001,211148
district,356,2011,Main Workers,2001,100918
district,356,2011,Marginal Workers,2001,52455
district,356,2011,Non Workers,2001,211148
district,259,2011,Main Workers,2001,51049
district,259,2011,Marginal Workers,2001,9302
district,259,2011,Non Workers,2001,83176
district,268,2011,Main Workers,2001,37473
district,268,2011,Marginal Workers,2001,7932
district,268,2011,Non Workers,2001,52839
district,258,2011,Main Workers,2001,37473
district,258,2011,Marginal Workers,2001,7932
district,258,2011,Non Workers,2001,52839
district,255,2011,Main Workers,2001,37473
district,255,2011,Marginal Workers,2001,7932
district,255,2011,Non Workers,2001,52839
district,157,2011,Main Workers,2001,900181
district,157,2011,Marginal Workers,2001,186219
district,157,2011,Non Workers,2001,2561434
district,41,2011,Main Workers,2001,1041517
district,41,2011,Marginal Workers,2001,108121
district,41,2011,Non Workers,2001,1883193
district,286,2011,Main Workers,2001,60870
district,286,2011,Marginal Workers,2001,10922
district,286,2011,Non Workers,2001,65431
district,213,2011,Main Workers,2001,498367
district,213,2011,Marginal Workers,2001,185609
district,213,2011,Non Workers,2001,842670
district,207,2011,Main Workers,2001,877412
district,207,2011,Marginal Workers,2001,350311
district,207,2011,Non Workers,2001,2347558
district,623,2011,Main Workers,2001,949545
district,623,2011,Marginal Workers,2001,138998
district,623,2011,Non Workers,2001,1489658
district,144,2011,Main Workers,2001,300907
district,144,2011,Marginal Workers,2001,110840
district,144,2011,Non Workers,2001,448510
district,411,2011,Main Workers,2001,300907
district,411,2011,Marginal Workers,2001,110840
district,411,2011,Non Workers,2001,448510
district,538,2011,Main Workers,2001,1482426
district,538,2011,Marginal Workers,2001,340903
district,538,2011,Non Workers,2001,1690605
district,636,2011,Main Workers,2001,8420
district,636,2011,Marginal Workers,2001,888
district,636,2011,Non Workers,2001,27520
district,84,2011,Main Workers,2001,204704
district,84,2011,Marginal Workers,2001,147160
district,84,2011,Non Workers,2001,460657
district,471,2011,Main Workers,2001,665080
district,471,2011,Marginal Workers,2001,163439
district,471,2011,Non Workers,2001,1009373
district,169,2011,Main Workers,2001,204026
district,169,2011,Marginal Workers,2001,95746
district,169,2011,Non Workers,2001,408675
district,187,2011,Main Workers,2001,479400
district,187,2011,Marginal Workers,2001,371113
district,187,2011,Non Workers,2001,1323365
district,148,2011,Main Workers,2001,365115
district,148,2011,Marginal Workers,2001,74083
district,148,2011,Non Workers,2001,1157520
district,592,2011,Main Workers,2001,691848
district,592,2011,Marginal Workers,2001,182628
district,592,2011,Non Workers,2001,2750995
district,332,2011,Main Workers,2001,967143
district,332,2011,Marginal Workers,2001,373563
district,332,2011,Non Workers,2001,1949762
district,399,2011,Main Workers,2001,154179
district,399,2011,Marginal Workers,2001,93445
district,399,2011,Non Workers,2001,256574
district,281,2011,Main Workers,2001,27428
district,281,2011,Marginal Workers,2001,7737
district,281,2011,Non Workers,2001,27620
district,27,2011,Main Workers,2001,269076
district,27,2011,Marginal Workers,2001,185216
district,27,2011,Non Workers,2001,447052
district,454,2011,Main Workers,2001,322151
district,454,2011,Marginal Workers,2001,142246
district,454,2011,Non Workers,2001,429839
district,433,2011,Main Workers,2001,454507
district,433,2011,Marginal Workers,2001,115822
district,433,2011,Non Workers,2001,613395
district,573,2011,Main Workers,2001,682440
district,573,2011,Marginal Workers,2001,157979
district,573,2011,Non Workers,2001,923286
district,47,2011,Main Workers,2001,227622
district,47,2011,Marginal Workers,2001,53869
district,47,2011,Non Workers,2001,407267
district,145,2011,Main Workers,2001,538167
district,145,2011,Marginal Workers,2001,232751
district,145,2011,Non Workers,2001,1303598
district,192,2011,Main Workers,2001,396864
district,192,2011,Marginal Workers,2001,202536
district,192,2011,Non Workers,2001,1254597
district,376,2011,Main Workers,2001,618457
district,376,2011,Marginal Workers,2001,409340
district,376,2011,Non Workers,2001,1195659
district,535,2011,Main Workers,2001,1060051
district,535,2011,Marginal Workers,2001,233606
district,535,2011,Non Workers,2001,1376440
district,138,2011,Main Workers,2001,737166
district,138,2011,Marginal Workers,2001,158690
district,138,2011,Non Workers,2001,2101505
district,87,2011,Main Workers,2001,498926
district,87,2011,Marginal Workers,2001,215813
district,87,2011,Non Workers,2001,1401303
district,199,2011,Main Workers,2001,498926
district,199,2011,Marginal Workers,2001,215813
district,199,2011,Non Workers,2001,1401303
district,42,2011,Main Workers,2001,302602
district,42,2011,Marginal Workers,2001,56161
district,42,2011,Non Workers,2001,536091
district,262,2011,Main Workers,2001,82160
district,262,2011,Marginal Workers,2001,27100
district,262,2011,Non Workers,2001,122825
district,261,2011,Main Workers,2001,108206
district,261,2011,Marginal Workers,2001,22642
district,261,2011,Non Workers,2001,129804
district,135,2011,Main Workers,2001,993623
district,135,2011,Marginal Workers,2001,188373
district,135,2011,Non Workers,2001,2628987
district,419,2011,Main Workers,2001,451530
district,419,2011,Marginal Workers,2001,139069
district,419,2011,Non Workers,2001,1002115
district,304,2011,Main Workers,2001,264579
district,304,2011,Marginal Workers,2001,44993
district,304,2011,Non Workers,2001,467921
district,44,2011,Main Workers,2001,264579
district,44,2011,Marginal Workers,2001,44993
district,44,2011,Non Workers,2001,467921
district,519,2011,Main Workers,2001,4221749
district,519,2011,Marginal Workers,2001,242499
district,519,2011,Non Workers,2001,7514202
district,518,2011,Main Workers,2001,233688
district,518,2011,Marginal Workers,2001,97763
district,518,2011,Non Workers,2001,806346
district,226,2011,Main Workers,2001,233688
district,226,2011,Marginal Workers,2001,97763
district,226,2011,Non Workers,2001,806346
district,333,2011,Main Workers,2001,1672311
district,333,2011,Marginal Workers,2001,332863
district,333,2011,Non Workers,2001,3861395
district,133,2011,Main Workers,2001,899536
district,133,2011,Marginal Workers,2001,273617
district,133,2011,Non Workers,2001,2370209
district,216,2011,Main Workers,2001,895830
district,216,2011,Marginal Workers,2001,244000
district,216,2011,Non Workers,2001,2606884
district,577,2011,Main Workers,2001,926129
district,577,2011,Marginal Workers,2001,184135
district,577,2011,Non Workers,2001,1530763
district,397,2011,Main Workers,2001,1405724
district,397,2011,Marginal Workers,2001,209981
district,397,2011,Non Workers,2001,2989122
district,336,2011,Main Workers,2001,1405724
district,336,2011,Marginal Workers,2001,209981
district,336,2011,Non Workers,2001,2989122
district,305,2011,Main Workers,2001,566195
district,305,2011,Marginal Workers,2001,161446
district,305,2011,Non Workers,2001,1586988
district,618,2011,Main Workers,2001,468754
district,618,2011,Marginal Workers,2001,117980
district,618,2011,Non Workers,2001,902105
district,112,2011,Main Workers,2001,844039
district,112,2011,Marginal Workers,2001,285475
district,112,2011,Non Workers,2001,1645544
district,505,2011,Main Workers,2001,1283079
district,505,2011,Marginal Workers,2001,255270
district,505,2011,Non Workers,2001,2529288
district,66,2011,Main Workers,2001,220995
district,66,2011,Marginal Workers,2001,57952
district,66,2011,Non Workers,2001,483962
district,229,2011,Main Workers,2001,700007
district,229,2011,Marginal Workers,2001,203137
district,229,2011,Non Workers,2001,1467384
district,323,2011,Main Workers,2001,291665
district,323,2011,Marginal Workers,2001,92267
district,323,2011,Non Workers,2001,764892
district,539,2011,Main Workers,2001,1308907
district,539,2011,Marginal Workers,2001,285759
district,539,2011,Non Workers,2001,1653316
district,609,2011,Main Workers,2001,770940
district,609,2011,Marginal Workers,2001,71700
district,609,2011,Non Workers,2001,650822
district,511,2011,Main Workers,2001,965087
district,511,2011,Marginal Workers,2001,236950
district,511,2011,Non Workers,2001,1674222
district,497,2011,Main Workers,2001,458321
district,497,2011,Marginal Workers,2001,151712
district,497,2011,Non Workers,2001,701676
district,415,2011,Main Workers,2001,176372
district,415,2011,Marginal Workers,2001,82744
district,415,2011,Non Workers,2001,255288
district,487,2011,Main Workers,2001,176372
district,487,2011,Marginal Workers,2001,82744
district,487,2011,Non Workers,2001,255288
district,452,2011,Main Workers,2001,310073
district,452,2011,Marginal Workers,2001,93390
district,452,2011,Non Workers,2001,554183
district,516,2011,Main Workers,2001,1911340
district,516,2011,Marginal Workers,2001,274233
district,516,2011,Non Workers,2001,2808223
district,490,2011,Main Workers,2001,457002
district,490,2011,Marginal Workers,2001,88213
district,490,2011,Non Workers,2001,684248
district,237,2011,Main Workers,2001,507934
district,237,2011,Marginal Workers,2001,166443
district,237,2011,Non Workers,2001,1135319
district,385,2011,Main Workers,2001,205676
district,385,2011,Marginal Workers,2001,82377
district,385,2011,Non Workers,2001,576463
district,432,2011,Main Workers,2001,282243
district,432,2011,Marginal Workers,2001,66019
district,432,2011,Non Workers,2001,377808
district,94,2011,Main Workers,2001,12924
district,94,2011,Marginal Workers,2001,6699
district,94,2011,Non Workers,2001,22445
district,638,2011,Main Workers,2001,12924
district,638,2011,Marginal Workers,2001,6699
district,638,2011,Non Workers,2001,22445
district,533,2011,Main Workers,2001,971911
district,533,2011,Marginal Workers,2001,187695
district,533,2011,Non Workers,2001,1186079
district,91,2011,Main Workers,2001,262443
district,91,2011,Marginal Workers,2001,17695
district,91,2011,Non Workers,2001,542417
district,639,2011,Main Workers,2001,470993
district,639,2011,Marginal Workers,2001,29432
district,639,2011,Non Workers,2001,1267636
district,241,2011,Main Workers,2001,470993
district,241,2011,Marginal Workers,2001,29432
district,241,2011,Non Workers,2001,1267636
district,92,2011,Main Workers,2001,470993
district,92,2011,Marginal Workers,2001,29432
district,92,2011,Non Workers,2001,1267636
district,585,2011,Main Workers,2001,242190
district,585,2011,Marginal Workers,2001,65438
district,585,2011,Non Workers,2001,450945
district,292,2011,Main Workers,2001,156385
district,292,2011,Marginal Workers,2001,38373
district,292,2011,Non Workers,2001,396155
district,337,2011,Main Workers,2001,2623352
district,337,2011,Marginal Workers,2001,364808
district,337,2011,Non Workers,2001,5946126
district,90,2011,Main Workers,2001,872142
district,90,2011,Marginal Workers,2001,47297
district,90,2011,Non Workers,2001,1941430
district,394,2011,Main Workers,2001,131561
district,394,2011,Marginal Workers,2001,112799
district,394,2011,Non Workers,2001,286330
district,525,2011,Main Workers,2001,555202
district,525,2011,Marginal Workers,2001,98320
district,525,2011,Non Workers,2001,833064
district,353,2011,Main Workers,2001,768620
district,353,2011,Marginal Workers,2001,176432
district,353,2011,Non Workers,2001,1672430
district,593,2011,Main Workers,2001,768620
district,593,2011,Marginal Workers,2001,176432
district,593,2011,Non Workers,2001,1672430
district,358,2011,Main Workers,2001,444921
district,358,2011,Marginal Workers,2001,348737
district,358,2011,Non Workers,2001,1304701
district,118,2011,Main Workers,2001,518158
district,118,2011,Marginal Workers,2001,206725
district,118,2011,Non Workers,2001,1095368
district,89,2011,Main Workers,2001,616885
district,89,2011,Marginal Workers,2001,359841
district,89,2011,Non Workers,2001,1048551
district,484,2011,Main Workers,2001,616885
district,484,2011,Marginal Workers,2001,359841
district,484,2011,Non Workers,2001,1048551
district,69,2011,Main Workers,2001,150353
district,69,2011,Marginal Workers,2001,28291
district,69,2011,Non Workers,2001,289767
district,75,2011,Main Workers,2001,289013
district,75,2011,Marginal Workers,2001,93788
district,75,2011,Non Workers,2001,584648
district,426,2011,Main Workers,2001,261183
district,426,2011,Marginal Workers,2001,112422
district,426,2011,Non Workers,2001,482953
district,248,2011,Main Workers,2001,38401
district,248,2011,Marginal Workers,2001,5731
district,248,2011,Non Workers,2001,77871
district,513,2011,Main Workers,2001,559917
district,513,2011,Marginal Workers,2001,84835
district,513,2011,Non Workers,2001,882963
district,344,2011,Main Workers,2001,840563
district,344,2011,Marginal Workers,2001,313475
district,344,2011,Non Workers,2001,1889428
district,203,2011,Main Workers,2001,840563
district,203,2011,Marginal Workers,2001,313475
district,203,2011,Non Workers,2001,1889428
district,368,2011,Main Workers,2001,535154
district,368,2011,Marginal Workers,2001,382603
district,368,2011,Non Workers,2001,1165038
district,470,2011,Main Workers,2001,395470
district,470,2011,Marginal Workers,2001,137608
district,470,2011,Non Workers,2001,649631
district,599,2011,Main Workers,2001,285844
district,599,2011,Marginal Workers,2001,80205
district,599,2011,Non Workers,2001,867967
district,48,2011,Main Workers,2001,589015
district,48,2011,Marginal Workers,2001,92936
district,48,2011,Non Workers,2001,1162983
district,230,2011,Main Workers,2001,1161984
district,230,2011,Marginal Workers,2001,263663
district,230,2011,Non Workers,2001,3292945
district,615,2011,Main Workers,2001,222600
district,615,2011,Marginal Workers,2001,43107
district,615,2011,Non Workers,2001,227939
district,271,2011,Main Workers,2001,57454
district,271,2011,Marginal Workers,2001,13944
district,271,2011,Non Workers,2001,76797
district,266,2011,Main Workers,2001,57454
district,266,2011,Marginal Workers,2001,13944
district,266,2011,Non Workers,2001,76797
district,151,2011,Main Workers,2001,360300
district,151,2011,Marginal Workers,2001,101039
district,151,2011,Non Workers,2001,1183844
district,62,2011,Main Workers,2001,124062
district,62,2011,Marginal Workers,2001,74647
district,62,2011,Non Workers,2001,263580
district,478,2011,Main Workers,2001,1306772
district,478,2011,Marginal Workers,2001,230772
district,478,2011,Non Workers,2001,1521879
district,549,2011,Main Workers,2001,1306772
district,549,2011,Marginal Workers,2001,230772
district,549,2011,Non Workers,2001,1521879
district,131,2011,Main Workers,2001,578632
district,173,2011,Main Workers,2001,578632
district,131,2011,Marginal Workers,2001,337154
district,173,2011,Marginal Workers,2001,337154
district,131,2011,Non Workers,2001,1815388
district,173,2011,Non Workers,2001,1815388
district,635,2011,Main Workers,2001,530282
district,635,2011,Marginal Workers,2001,148007
district,635,2011,Non Workers,2001,781312
district,621,2011,Main Workers,2001,530282
district,621,2011,Marginal Workers,2001,148007
district,621,2011,Non Workers,2001,781312
district,12,2011,Main Workers,2001,151135
district,12,2011,Marginal Workers,2001,61464
district,12,2011,Non Workers,2001,440008
district,5,2011,Main Workers,2001,86507
district,5,2011,Marginal Workers,2001,114593
district,5,2011,Non Workers,2001,171513
district,521,2011,Main Workers,2001,2645429
district,521,2011,Marginal Workers,2001,309053
district,521,2011,Non Workers,2001,4278073
district,204,2011,Main Workers,2001,1025654
district,204,2011,Marginal Workers,2001,261189
district,204,2011,Non Workers,2001,2652930
district,345,2011,Main Workers,2001,455527
district,345,2011,Marginal Workers,2001,237137
district,345,2011,Non Workers,2001,1290324
district,357,2011,Main Workers,2001,455527
district,357,2011,Marginal Workers,2001,237137
district,357,2011,Non Workers,2001,1290324
district,387,2011,Main Workers,2001,373481
district,387,2011,Marginal Workers,2001,77059
district,387,2011,Non Workers,2001,1052142
district,211,2011,Main Workers,2001,782364
district,211,2011,Marginal Workers,2001,178336
district,211,2011,Non Workers,2001,1583242
district,340,2011,Main Workers,2001,645506
district,340,2011,Marginal Workers,2001,481982
district,340,2011,Non Workers,2001,1409028
district,158,2011,Main Workers,2001,660527
district,158,2011,Marginal Workers,2001,362979
district,158,2011,Non Workers,2001,1848829
district,559,2011,Main Workers,2001,544347
district,559,2011,Marginal Workers,2001,188415
district,559,2011,Non Workers,2001,937000
district,403,2011,Main Workers,2001,1095414
district,520,2011,Main Workers,2001,1095414
district,403,2011,Marginal Workers,2001,420145
district,520,2011,Marginal Workers,2001,420145
district,403,2011,Non Workers,2001,1957899
district,520,2011,Non Workers,2001,1957899
district,410,2011,Main Workers,2001,961507
district,410,2011,Marginal Workers,2001,303156
district,410,2011,Non Workers,2001,1752267
district,446,2011,Main Workers,2001,308803
district,446,2011,Marginal Workers,2001,102918
district,446,2011,Non Workers,2001,713433
district,442,2011,Main Workers,2001,438139
district,442,2011,Marginal Workers,2001,187355
district,442,2011,Non Workers,2001,628591
district,476,2011,Main Workers,2001,1076436
district,476,2011,Marginal Workers,2001,168370
district,476,2011,Non Workers,2001,1925075
district,408,2011,Main Workers,2001,558996
district,408,2011,Marginal Workers,2001,90405
district,408,2011,Non Workers,2001,633823
district,6,2011,Main Workers,2001,275912
district,6,2011,Marginal Workers,2001,125946
district,6,2011,Non Workers,2001,585166
district,123,2011,Main Workers,2001,275912
district,123,2011,Marginal Workers,2001,125946
district,123,2011,Non Workers,2001,585166
district,584,2011,Main Workers,2001,433443
district,584,2011,Marginal Workers,2001,87130
district,584,2011,Non Workers,2001,667031
district,626,2011,Main Workers,2001,433443
district,626,2011,Marginal Workers,2001,87130
district,626,2011,Non Workers,2001,667031
district,17,2011,Main Workers,2001,457175
district,17,2011,Marginal Workers,2001,87236
district,17,2011,Non Workers,2001,1379328
district,361,2011,Main Workers,2001,457175
district,361,2011,Marginal Workers,2001,87236
district,361,2011,Non Workers,2001,1379328
district,136,2011,Main Workers,2001,457175
district,136,2011,Marginal Workers,2001,87236
district,136,2011,Non Workers,2001,1379328
district,364,2011,Main Workers,2001,750962
district,364,2011,Marginal Workers,2001,325942
district,364,2011,Non Workers,2001,1708160
district,537,2011,Main Workers,2001,405049
district,537,2011,Marginal Workers,2001,142803
district,537,2011,Non Workers,2001,667541
district,434,2011,Main Workers,2001,405049
district,434,2011,Marginal Workers,2001,142803
district,434,2011,Non Workers,2001,667541
district,528,2011,Main Workers,2001,557613
district,528,2011,Marginal Workers,2001,205774
district,528,2011,Non Workers,2001,933390
district,396,2011,Main Workers,2001,249909
district,396,2011,Marginal Workers,2001,149275
district,396,2011,Non Workers,2001,431925
district,20,2011,Main Workers,2001,585034
district,20,2011,Marginal Workers,2001,277925
district,20,2011,Non Workers,2001,1110347
district,430,2011,Main Workers,2001,585034
district,430,2011,Marginal Workers,2001,277925
district,430,2011,Non Workers,2001,1110347
district,85,2011,Main Workers,2001,204855
district,85,2011,Marginal Workers,2001,128767
district,85,2011,Non Workers,2001,431729
district,297,2011,Main Workers,2001,288225
district,297,2011,Marginal Workers,2001,82848
district,297,2011,Non Workers,2001,569055
district,82,2011,Main Workers,2001,288225
district,82,2011,Marginal Workers,2001,82848
district,82,2011,Non Workers,2001,569055
district,234,2011,Main Workers,2001,544731
district,234,2011,Marginal Workers,2001,199452
district,234,2011,Non Workers,2001,1706565
district,58,2011,Main Workers,2001,76068
district,58,2011,Marginal Workers,2001,25965
district,58,2011,Non Workers,2001,125406
district,51,2011,Main Workers,2001,397119
district,51,2011,Marginal Workers,2001,40224
district,51,2011,Non Workers,2001,678765
district,472,2011,Main Workers,2001,662249
district,472,2011,Marginal Workers,2001,278188
district,472,2011,Non Workers,2001,1142094
district,427,2011,Main Workers,2001,637857
district,427,2011,Marginal Workers,2001,201906
district,427,2011,Non Workers,2001,1182224
district,132,2011,Main Workers,2001,692341
district,132,2011,Marginal Workers,2001,125187
district,132,2011,Non Workers,2001,2079335
district,214,2011,Main Workers,2001,411566
district,214,2011,Marginal Workers,2001,177901
district,214,2011,Non Workers,2001,918715
district,352,2011,Main Workers,2001,278407
district,352,2011,Marginal Workers,2001,109638
district,352,2011,Non Workers,2001,539725
district,52,2011,Main Workers,2001,20754
district,52,2011,Marginal Workers,2001,6227
district,52,2011,Non Workers,2001,34075
district,288,2011,Main Workers,2001,20754
district,288,2011,Marginal Workers,2001,6227
district,288,2011,Non Workers,2001,34075
district,608,2011,Main Workers,2001,1279846
district,608,2011,Marginal Workers,2001,174799
district,608,2011,Non Workers,2001,1561701
district,221,2011,Main Workers,2001,843356
district,221,2011,Marginal Workers,2001,228618
district,221,2011,Non Workers,2001,2322819
district,22,2011,Main Workers,2001,282174
district,22,2011,Marginal Workers,2001,139172
district,22,2011,Non Workers,2001,514267
district,372,2011,Main Workers,2001,282174
district,372,2011,Marginal Workers,2001,139172
district,372,2011,Non Workers,2001,514267
district,531,2011,Main Workers,2001,952241
district,531,2011,Marginal Workers,2001,266414
district,531,2011,Non Workers,2001,1364869
district,53,2011,Main Workers,2001,714076
district,53,2011,Marginal Workers,2001,100022
district,53,2011,Non Workers,2001,1186075
district,186,2011,Main Workers,2001,295045
district,186,2011,Marginal Workers,2001,194025
district,186,2011,Non Workers,2001,931156
district,198,2011,Main Workers,2001,644618
district,198,2011,Marginal Workers,2001,216322
district,198,2011,Non Workers,2001,2387761
district,369,2011,Main Workers,2001,644618
district,369,2011,Marginal Workers,2001,216322
district,369,2011,Non Workers,2001,2387761
district,219,2011,Main Workers,2001,644618
district,219,2011,Marginal Workers,2001,216322
district,219,2011,Non Workers,2001,2387761
district,527,2011,Main Workers,2001,1044989
district,527,2011,Marginal Workers,2001,258669
district,527,2011,Non Workers,2001,1505336
district,429,2011,Main Workers,2001,554667
district,429,2011,Marginal Workers,2001,190577
district,429,2011,Non Workers,2001,1124860
district,108,2011,Main Workers,2001,366794
district,108,2011,Marginal Workers,2001,102370
district,108,2011,Non Workers,2001,647893
district,445,2011,Main Workers,2001,308433
district,445,2011,Marginal Workers,2001,143009
district,445,2011,Non Workers,2001,627470
district,272,2011,Main Workers,2001,380973
district,272,2011,Marginal Workers,2001,188087
district,272,2011,Non Workers,2001,597548
district,456,2011,Main Workers,2001,380973
district,456,2011,Marginal Workers,2001,188087
district,456,2011,Non Workers,2001,597548
district,285,2011,Main Workers,2001,24783
district,285,2011,Marginal Workers,2001,7740
district,285,2011,Non Workers,2001,21338
district,460,2011,Main Workers,2001,453017
district,460,2011,Marginal Workers,2001,228907
district,460,2011,Non Workers,2001,893379
district,39,2011,Main Workers,2001,615499
district,39,2011,Marginal Workers,2001,114026
district,39,2011,Non Workers,2001,1818330
district,152,2011,Main Workers,2001,615499
district,152,2011,Marginal Workers,2001,114026
district,152,2011,Non Workers,2001,1818330
district,436,2011,Main Workers,2001,436444
district,436,2011,Marginal Workers,2001,193347
district,436,2011,Non Workers,2001,660894
district,228,2011,Main Workers,2001,151504
district,228,2011,Marginal Workers,2001,42892
district,228,2011,Non Workers,2001,331106
district,205,2011,Main Workers,2001,133348
district,205,2011,Marginal Workers,2001,27870
district,205,2011,Non Workers,2001,354743
district,418,2011,Main Workers,2001,152553
district,418,2011,Marginal Workers,2001,76724
district,418,2011,Non Workers,2001,330218
district,33,2011,Main Workers,2001,305709
district,33,2011,Marginal Workers,2001,64514
district,33,2011,Non Workers,2001,352279
district,568,2011,Main Workers,2001,586832
district,568,2011,Marginal Workers,2001,127839
district,568,2011,Non Workers,2001,927874
district,423,2011,Main Workers,2001,507173
district,423,2011,Marginal Workers,2001,145097
district,423,2011,Non Workers,2001,789680
district,181,2011,Main Workers,2001,338879
district,181,2011,Marginal Workers,2001,147596
district,181,2011,Non Workers,2001,689916
district,13,2011,Main Workers,2001,493431
district,13,2011,Marginal Workers,2001,283056
district,13,2011,Non Workers,2001,1263598
district,184,2011,Main Workers,2001,493431
district,184,2011,Marginal Workers,2001,283056
district,184,2011,Non Workers,2001,1263598
district,462,2011,Main Workers,2001,544069
district,462,2011,Marginal Workers,2001,213516
district,462,2011,Non Workers,2001,1073567
district,111,2011,Main Workers,2001,633421
district,111,2011,Marginal Workers,2001,254494
district,111,2011,Non Workers,2001,1399873
district,367,2011,Main Workers,2001,233827
district,367,2011,Marginal Workers,2001,171158
district,367,2011,Non Workers,2001,463840
district,529,2011,Main Workers,2001,233827
district,529,2011,Marginal Workers,2001,171158
district,529,2011,Non Workers,2001,463840
district,463,2011,Main Workers,2001,175913
district,463,2011,Marginal Workers,2001,49959
district,463,2011,Non Workers,2001,232721
district,32,2011,Main Workers,2001,175913
district,32,2011,Marginal Workers,2001,49959
district,32,2011,Non Workers,2001,232721
district,117,2011,Main Workers,2001,245762
district,117,2011,Marginal Workers,2001,98143
district,117,2011,Non Workers,2001,507202
district,79,2011,Main Workers,2001,363946
district,79,2011,Marginal Workers,2001,111625
district,79,2011,Non Workers,2001,641078
district,206,2011,Main Workers,2001,714136
district,206,2011,Marginal Workers,2001,141020
district,206,2011,Non Workers,2001,1827564
district,154,2011,Main Workers,2001,923925
district,154,2011,Marginal Workers,2001,201584
district,154,2011,Non Workers,2001,2494152
district,622,2011,Main Workers,2001,408015
district,622,2011,Marginal Workers,2001,105487
district,622,2011,Non Workers,2001,641854
district,311,2011,Main Workers,2001,511578
district,311,2011,Marginal Workers,2001,218859
district,311,2011,Non Workers,2001,1983912
district,218,2011,Main Workers,2001,511578
district,218,2011,Marginal Workers,2001,218859
district,218,2011,Non Workers,2001,1983912
district,31,2011,Main Workers,2001,172274
district,31,2011,Marginal Workers,2001,91171
district,31,2011,Non Workers,2001,237112
district,526,2011,Main Workers,2001,1485967
district,526,2011,Marginal Workers,2001,257074
district,526,2011,Non Workers,2001,2106502
district,200,2011,Main Workers,2001,360180
district,200,2011,Marginal Workers,2001,177755
district,200,2011,Non Workers,2001,925584
district,76,2011,Main Workers,2001,383449
district,76,2011,Marginal Workers,2001,139582
district,76,2011,Non Workers,2001,756144
district,306,2011,Main Workers,2001,465283
district,306,2011,Marginal Workers,2001,169440
district,306,2011,Non Workers,2001,1046790
district,98,2011,Main Workers,2001,796540
district,98,2011,Marginal Workers,2001,51711
district,98,2011,Non Workers,2001,1550297
district,640,2011,Main Workers,2001,31351
district,640,2011,Marginal Workers,2001,16497
district,640,2011,Non Workers,2001,53132
district,243,2011,Main Workers,2001,31351
district,243,2011,Marginal Workers,2001,16497
district,243,2011,Non Workers,2001,53132
district,295,2011,Main Workers,2001,31351
district,295,2011,Marginal Workers,2001,16497
district,295,2011,Non Workers,2001,53132
district,586,2011,Main Workers,2001,183115
district,586,2011,Marginal Workers,2001,32112
district,586,2011,Non Workers,2001,373868
district,290,2011,Main Workers,2001,226467
district,290,2011,Marginal Workers,2001,77227
district,290,2011,Non Workers,2001,463746
district,343,2011,Main Workers,2001,569836
district,343,2011,Marginal Workers,2001,32710
district,343,2011,Non Workers,2001,1152495
district,97,2011,Main Workers,2001,569836
district,97,2011,Marginal Workers,2001,32710
district,97,2011,Non Workers,2001,1152495
district,550,2011,Main Workers,2001,870624
district,550,2011,Marginal Workers,2001,331192
district,550,2011,Non Workers,2001,1335777
district,542,2011,Main Workers,2001,870624
district,542,2011,Marginal Workers,2001,331192
district,542,2011,Non Workers,2001,1335777
district,10,2011,Main Workers,2001,330195
district,10,2011,Marginal Workers,2001,54474
district,10,2011,Non Workers,2001,817778
district,392,2011,Main Workers,2001,679114
district,392,2011,Marginal Workers,2001,353406
district,392,2011,Non Workers,2001,2182312
district,179,2011,Main Workers,2001,679114
district,179,2011,Marginal Workers,2001,353406
district,179,2011,Non Workers,2001,2182312
district,374,2011,Main Workers,2001,480134
district,374,2011,Marginal Workers,2001,258669
district,374,2011,Non Workers,2001,1091870
district,208,2011,Main Workers,2001,526267
district,208,2011,Marginal Workers,2001,201955
district,208,2011,Non Workers,2001,1004356
district,492,2011,Main Workers,2001,1981266
district,492,2011,Marginal Workers,2001,201243
district,492,2011,Non Workers,2001,2812665
district,475,2011,Main Workers,2001,512038
district,475,2011,Marginal Workers,2001,135571
district,475,2011,Non Workers,2001,867539
district,401,2011,Main Workers,2001,605013
district,401,2011,Marginal Workers,2001,377028
district,401,2011,Non Workers,2001,990053
district,273,2011,Main Workers,2001,43353
district,273,2011,Marginal Workers,2001,7510
district,273,2011,Non Workers,2001,60636
district,493,2011,Main Workers,2001,18134
district,493,2011,Marginal Workers,2001,3593
district,493,2011,Non Workers,2001,17197
district,50,2011,Main Workers,2001,18134
district,50,2011,Marginal Workers,2001,3593
district,50,2011,Non Workers,2001,17197
district,245,2011,Main Workers,2001,18134
district,245,2011,Marginal Workers,2001,3593
district,245,2011,Non Workers,2001,17197
district,59,2011,Main Workers,2001,181205
district,59,2011,Marginal Workers,2001,83510
district,59,2011,Non Workers,2001,340032
district,517,2011,Main Workers,2001,2782004
district,517,2011,Marginal Workers,2001,397977
district,517,2011,Non Workers,2001,4951868
district,620,2011,Main Workers,2001,750032
district,620,2011,Marginal Workers,2001,147091
district,620,2011,Non Workers,2001,1319015
district,489,2011,Main Workers,2001,68599
district,489,2011,Marginal Workers,2001,24394
district,489,2011,Non Workers,2001,93736
district,611,2011,Main Workers,2001,310064
district,611,2011,Marginal Workers,2001,33321
district,611,2011,Non Workers,2001,418756
district,624,2011,Main Workers,2001,473708
district,624,2011,Marginal Workers,2001,46572
district,624,2011,Non Workers,2001,573670
district,602,2011,Main Workers,2001,850994
district,602,2011,Marginal Workers,2001,186103
district,602,2011,Non Workers,2001,1717659
district,601,2011,Main Workers,2001,818497
district,601,2011,Marginal Workers,2001,229438
district,601,2011,Non Workers,2001,2186421
district,619,2011,Main Workers,2001,386956
district,619,2011,Marginal Workers,2001,104047
district,619,2011,Non Workers,2001,678471
district,627,2011,Main Workers,2001,588596
district,627,2011,Marginal Workers,2001,90215
district,627,2011,Non Workers,2001,893462
district,276,2011,Main Workers,2001,111486
district,276,2011,Marginal Workers,2001,65857
district,276,2011,Non Workers,2001,186797
district,594,2011,Main Workers,2001,808965
district,594,2011,Marginal Workers,2001,146335
district,594,2011,Non Workers,2001,2018932
district,424,2011,Main Workers,2001,395575
district,424,2011,Marginal Workers,2001,170602
district,424,2011,Non Workers,2001,636821
district,309,2011,Main Workers,2001,349847
district,309,2011,Marginal Workers,2001,116504
district,309,2011,Non Workers,2001,683711
district,254,2011,Main Workers,2001,43807
district,254,2011,Marginal Workers,2001,5267
district,254,2011,Non Workers,2001,51252
district,614,2011,Main Workers,2001,927788
district,614,2011,Marginal Workers,2001,136733
district,614,2011,Non Workers,2001,1353845
district,628,2011,Main Workers,2001,1120752
district,628,2011,Marginal Workers,2001,160365
district,628,2011,Non Workers,2001,1442871
district,633,2011,Main Workers,2001,829944
district,633,2011,Marginal Workers,2001,234839
district,633,2011,Non Workers,2001,1121342
district,606,2011,Main Workers,2001,829944
district,606,2011,Marginal Workers,2001,234839
district,606,2011,Non Workers,2001,1121342
district,120,2011,Main Workers,2001,425230
district,120,2011,Marginal Workers,2001,107452
district,120,2011,Non Workers,2001,678989
district,267,2011,Main Workers,2001,156950
district,267,2011,Marginal Workers,2001,27974
district,267,2011,Non Workers,2001,229894
district,571,2011,Main Workers,2001,1050291
district,571,2011,Marginal Workers,2001,266648
district,571,2011,Non Workers,2001,1267772
district,130,2011,Main Workers,2001,724120
district,130,2011,Marginal Workers,2001,376760
district,130,2011,Non Workers,2001,1532432
district,326,2011,Main Workers,2001,300141
district,326,2011,Marginal Workers,2001,92015
district,326,2011,Non Workers,2001,843458
district,67,2011,Main Workers,2001,300141
district,67,2011,Marginal Workers,2001,92015
district,67,2011,Non Workers,2001,843458
district,19,2011,Main Workers,2001,245387
district,19,2011,Marginal Workers,2001,121043
district,19,2011,Non Workers,2001,377079
district,569,2011,Main Workers,2001,417287
district,569,2011,Marginal Workers,2001,70886
district,569,2011,Non Workers,2001,624070
district,435,2011,Main Workers,2001,588377
district,435,2011,Marginal Workers,2001,166911
district,435,2011,Non Workers,2001,955694
district,279,2011,Main Workers,2001,51564
district,279,2011,Marginal Workers,2001,14951
district,279,2011,Non Workers,2001,74263
district,431,2011,Main Workers,2001,141725
district,431,2011,Marginal Workers,2001,75812
district,431,2011,Non Workers,2001,298426
district,29,2011,Main Workers,2001,119050
district,29,2011,Marginal Workers,2001,82608
district,29,2011,Non Workers,2001,246615
district,156,2011,Main Workers,2001,685498
district,156,2011,Marginal Workers,2001,240837
district,156,2011,Non Workers,2001,1773989
district,252,2011,Main Workers,2001,15395
district,252,2011,Marginal Workers,2001,1710
district,252,2011,Non Workers,2001,16258
district,249,2011,Main Workers,2001,21067
district,249,2011,Marginal Workers,2001,1348
district,249,2011,Non Workers,2001,32931
district,413,2011,Main Workers,2001,716483
district,413,2011,Marginal Workers,2001,219041
district,413,2011,Non Workers,2001,1506270
district,330,2011,Main Workers,2001,716483
district,330,2011,Marginal Workers,2001,219041
district,330,2011,Non Workers,2001,1506270
district,563,2011,Main Workers,2001,455302
district,563,2011,Marginal Workers,2001,125976
district,563,2011,Non Workers,2001,772366
district,56,2011,Main Workers,2001,114842
district,56,2011,Marginal Workers,2001,21062
district,56,2011,Non Workers,2001,159109
district,486,2011,Main Workers,2001,1202620
district,486,2011,Marginal Workers,2001,316225
district,486,2011,Non Workers,2001,2122957
district,220,2011,Main Workers,2001,624452
district,220,2011,Marginal Workers,2001,158265
district,220,2011,Non Workers,2001,1935704
district,491,2011,Main Workers,2001,503333
district,491,2011,Marginal Workers,2001,146924
district,491,2011,Non Workers,2001,760296
district,197,2011,Main Workers,2001,770799
district,197,2011,Marginal Workers,2001,211255
district,197,2011,Non Workers,2001,2156617
district,605,2011,Main Workers,2001,1172645
district,605,2011,Marginal Workers,2001,254535
district,605,2011,Non Workers,2001,2050137
district,443,2011,Main Workers,2001,346221
district,443,2011,Marginal Workers,2001,105566
district,443,2011,Non Workers,2001,763070
district,607,2011,Main Workers,2001,1125229
district,607,2011,Marginal Workers,2001,319948
district,607,2011,Non Workers,2001,1515196
district,625,2011,Main Workers,2001,802521
district,625,2011,Marginal Workers,2001,79282
district,625,2011,Non Workers,2001,869498
district,544,2011,Main Workers,2001,1305584
district,544,2011,Marginal Workers,2001,297177
district,544,2011,Non Workers,2001,2229575
district,543,2011,Main Workers,2001,912375
district,543,2011,Marginal Workers,2001,261789
district,543,2011,Non Workers,2001,1075090
district,540,2011,Main Workers,2001,1277468
district,540,2011,Marginal Workers,2001,288769
district,540,2011,Non Workers,2001,1679767
district,504,2011,Main Workers,2001,431330
district,504,2011,Marginal Workers,2001,119021
district,504,2011,Non Workers,2001,686385
district,502,2011,Main Workers,2001,395651
district,502,2011,Marginal Workers,2001,59681
district,502,2011,Non Workers,2001,564884
district,590,2011,Main Workers,2001,219789
district,590,2011,Marginal Workers,2001,88824
district,590,2011,Non Workers,2001,472006
district,96,2011,Main Workers,2001,731924
district,96,2011,Marginal Workers,2001,42270
district,96,2011,Non Workers,2001,1477970
district,242,2011,Main Workers,2001,163008
district,242,2011,Marginal Workers,2001,45353
district,242,2011,Non Workers,2001,310029
district,293,2011,Main Workers,2001,163008
district,293,2011,Marginal Workers,2001,45353
district,293,2011,Non Workers,2001,310029
district,546,2011,Main Workers,2001,1425708
district,546,2011,Marginal Workers,2001,252627
district,546,2011,Non Workers,2001,2125182
district,246,2011,Main Workers,2001,28850
district,246,2011,Marginal Workers,2001,5512
district,246,2011,Non Workers,2001,40237
district,296,2011,Main Workers,2001,97784
district,296,2011,Marginal Workers,2001,31311
district,296,2011,Non Workers,2001,166954
district,250,2011,Main Workers,2001,36843
district,250,2011,Marginal Workers,2001,6242
district,250,2011,Non Workers,2001,60833
district,289,2011,Main Workers,2001,436870
district,289,2011,Marginal Workers,2001,97478
district,289,2011,Non Workers,2001,998634
district,264,2011,Main Workers,2001,49679
district,264,2011,Marginal Workers,2001,6575
district,264,2011,Non Workers,2001,104969
district,551,2011,Main Workers,2001,280728
district,551,2011,Marginal Workers,2001,55805
district,551,2011,Non Workers,2001,705097
district,580,2011,Main Workers,2001,280728
district,580,2011,Marginal Workers,2001,55805
district,580,2011,Non Workers,2001,705097
district,71,2011,Main Workers,2001,280728
district,71,2011,Marginal Workers,2001,55805
district,71,2011,Non Workers,2001,705097
district,634,2011,Main Workers,2001,9298
district,634,2011,Marginal Workers,2001,611
district,634,2011,Non Workers,2001,21485
district,510,2011,Main Workers,2001,949453
district,510,2011,Marginal Workers,2001,169484
district,510,2011,Non Workers,2001,1339334
district,263,2011,Main Workers,2001,47491
district,263,2011,Marginal Workers,2001,9292
district,263,2011,Non Workers,2001,97172
state,35,2011,Main Workers,2001,113607
state,35,2011,Marginal Workers,2001,22647
state,35,2011,Non Workers,2001,219898
state,28,2011,Main Workers,2001,27426074
state,28,2011,Marginal Workers,2001,5527571
state,28,2011,Non Workers,2001,38354942
state,12,2011,Main Workers,2001,415007
state,12,2011,Marginal Workers,2001,67895
state,12,2011,Non Workers,2001,615066
state,18,2011,Main Workers,2001,7114097
state,18,2011,Marginal Workers,2001,2424494
state,18,2011,Non Workers,2001,17116937
state,10,2011,Main Workers,2001,21052875
state,10,2011,Marginal Workers,2001,6921731
state,10,2011,Non Workers,2001,55023903
state,4,2011,Main Workers,2001,328989
state,4,2011,Marginal Workers,2001,11433
state,4,2011,Non Workers,2001,560213
state,22,2011,Main Workers,2001,7054595
state,22,2011,Marginal Workers,2001,2625276
state,22,2011,Non Workers,2001,11153932
state,26,2011,Main Workers,2001,96184
state,26,2011,Marginal Workers,2001,17938
state,26,2011,Non Workers,2001,106368
state,25,2011,Main Workers,2001,67522
state,25,2011,Marginal Workers,2001,5269
state,25,2011,Non Workers,2001,85413
state,30,2011,Main Workers,2001,425305
state,30,2011,Marginal Workers,2001,97550
state,30,2011,Non Workers,2001,824813
state,24,2011,Main Workers,2001,17025074
state,24,2011,Marginal Workers,2001,4230447
state,24,2011,Non Workers,2001,29415496
state,6,2011,Main Workers,2001,6241324
state,6,2011,Marginal Workers,2001,2136142
state,6,2011,Non Workers,2001,12767098
state,2,2011,Main Workers,2001,1963882
state,2,2011,Marginal Workers,2001,1028579
state,2,2011,Non Workers,2001,3085439
state,1,2011,Main Workers,2001,2608668
state,1,2011,Marginal Workers,2001,1145147
state,1,2011,Non Workers,2001,6389885
state,20,2011,Main Workers,2001,6446782
state,20,2011,Marginal Workers,2001,3662248
state,20,2011,Non Workers,2001,16836799
state,29,2011,Main Workers,2001,19364759
state,29,2011,Marginal Workers,2001,4170032
state,29,2011,Non Workers,2001,29315771
state,32,2011,Main Workers,2001,8236973
state,32,2011,Marginal Workers,2001,2046914
state,32,2011,Non Workers,2001,21557487
state,31,2011,Main Workers,2001,11710
state,31,2011,Marginal Workers,2001,3644
state,31,2011,Non Workers,2001,45296
state,23,2011,Main Workers,2001,19102572
state,23,2011,Marginal Workers,2001,6690947
state,23,2011,Non Workers,2001,34554504
state,27,2011,Main Workers,2001,34748053
state,27,2011,Marginal Workers,2001,6425298
state,27,2011,Non Workers,2001,55705276
state,14,2011,Main Workers,2001,609491
state,14,2011,Marginal Workers,2001,263834
state,14,2011,Non Workers,2001,1136950
state,17,2011,Main Workers,2001,362450
state,17,2011,Marginal Workers,2001,104709
state,17,2011,Non Workers,2001,421414
state,15,2011,Main Workers,2001,362450
state,15,2011,Marginal Workers,2001,104709
state,15,2011,Non Workers,2001,421414
state,13,2011,Main Workers,2001,703977
state,13,2011,Marginal Workers,2001,143819
state,13,2011,Non Workers,2001,1142240
state,7,2011,Main Workers,2001,4317516
state,7,2011,Marginal Workers,2001,227718
state,7,2011,Non Workers,2001,9305273
state,21,2011,Main Workers,2001,9290217
state,21,2011,Marginal Workers,2001,4532701
state,21,2011,Non Workers,2001,21841739
state,34,2011,Main Workers,2001,317367
state,34,2011,Marginal Workers,2001,25288
state,34,2011,Non Workers,2001,631690
state,3,2011,Main Workers,2001,7835732
state,3,2011,Marginal Workers,2001,1291742
state,3,2011,Non Workers,2001,15231525
state,8,2011,Main Workers,2001,17436888
state,8,2011,Marginal Workers,2001,6329767
state,8,2011,Non Workers,2001,32740533
state,11,2011,Main Workers,2001,212904
state,11,2011,Marginal Workers,2001,50139
state,11,2011,Non Workers,2001,277808
state,33,2011,Main Workers,2001,23757783
state,33,2011,Marginal Workers,2001,4120499
state,33,2011,Non Workers,2001,34527397
state,36,2011,Main Workers,2001,912292
state,36,2011,Marginal Workers,2001,247269
state,36,2011,Non Workers,2001,2039642
state,16,2011,Main Workers,2001,912292
state,16,2011,Marginal Workers,2001,247269
state,16,2011,Non Workers,2001,2039642
state,9,2011,Main Workers,2001,39337649
state,9,2011,Marginal Workers,2001,14646175
state,9,2011,Non Workers,2001,112214097
state,5,2011,Main Workers,2001,23023583
state,5,2011,Marginal Workers,2001,6458107
state,5,2011,Non Workers,2001,50694507
state,19,2011,Main Workers,2001,23023583
state,19,2011,Marginal Workers,2001,6458107
state,19,2011,Non Workers,2001,50694507
